Model,F1,F1 CI Lower,F1 CI Upper,Accuracy,Accuracy CI Lower,Accuracy CI Upper,Precision,Precision CI Lower,Precision CI Upper,Recall,Recall CI Lower,Recall CI Upper
pubmedbert,0.7901119277930873,0.6837500367828107,0.8722060656512832,0.8191489361702128,0.7340425531914894,0.8936170212765957,0.8022854810733598,0.6807227062939099,0.8756357026758675,0.7878787878787878,0.6795554742229467,0.8686868686868687
scibert,0.8451373639779436,0.7625802606213745,0.9090130873759638,0.8404255319148937,0.7553191489361702,0.9042553191489362,0.8646694214876032,0.7731782419771619,0.9182218738324268,0.8282828282828283,0.74,0.8969072164948454
biolinkbert,0.8069106221561002,0.7086753023752475,0.8852390688522717,0.8191489361702128,0.7340425531914894,0.8936170212765957,0.8338108816577716,0.7319778706730204,0.8980519492546402,0.797979797979798,0.6893203883495146,0.8775510204081632
clinicalbert,0.7248862248862249,0.6282104607767311,0.8090281128025938,0.7127659574468085,0.6170212765957447,0.7978723404255319,0.7503928170594838,0.6329668933800927,0.8321223785964149,0.7070707070707071,0.6122448979591837,0.7916666666666666
biomedbert-abstract,0.8379410993047357,0.7552645928270962,0.9044813152269761,0.8297872340425532,0.7446808510638298,0.9042553191489362,0.8658649991983326,0.7738233446256587,0.9178393066588972,0.8181818181818182,0.7281553398058253,0.8936170212765957
biobert,0.80667758954993,0.7035420455134166,0.8862260946734059,0.8297872340425532,0.7446808510638298,0.8936170212765957,0.8212975162250524,0.7071759679939641,0.8911602491871485,0.797979797979798,0.6893203883495146,0.8775510204081632
