Model,F1,F1 CI Lower,F1 CI Upper,Accuracy,Accuracy CI Lower,Accuracy CI Upper,Precision,Precision CI Lower,Precision CI Upper,Recall,Recall CI Lower,Recall CI Upper
biolinkbert,0.9149602122015916,0.8374072364820954,0.9605974307687329,0.9081632653061225,0.8367346938775511,0.9591836734693877,0.9109090909090909,0.8119887642879235,0.9610449281816813,0.92,0.8543689320388349,0.96
clinicalbert,0.8676470588235294,0.7765557658833612,0.9246309246309246,0.8775510204081632,0.7959183673469388,0.9285714285714286,0.8590000000000001,0.7451899816755694,0.9249001338686588,0.88,0.8058252427184466,0.93
biobert,0.9172707518470231,0.8393911020447535,0.9600814431650532,0.8979591836734694,0.826530612244898,0.9489795918367347,0.8972967032967034,0.8016308372837363,0.9513963065075498,0.94,0.88,0.9795918367346939
biomedbert-abstract,0.9236190476190477,0.8458461934813503,0.9653326217419524,0.9183673469387755,0.8469387755102041,0.9591836734693877,0.9092649812734084,0.8066369835288613,0.9608437805663286,0.94,0.8811881188118812,0.9795918367346939
pubmedbert,0.9267106227106229,0.8495181712554079,0.9695038981613074,0.9285714285714286,0.8571428571428571,0.9693877551020408,0.9153483146067417,0.8174981174421414,0.9653394902948403,0.94,0.88,0.9795918367346939
scibert,0.8859887005649718,0.7959623646441087,0.9441417315332399,0.9081632653061225,0.8367346938775511,0.9591836734693877,0.8632967032967034,0.7473074060213745,0.9303143797525821,0.91,0.8415841584158416,0.9591836734693877
