Model,F1,F1 CI Lower,F1 CI Upper,Accuracy,Accuracy CI Lower,Accuracy CI Upper,Precision,Precision CI Lower,Precision CI Upper,Recall,Recall CI Lower,Recall CI Upper
scibert,0.8745216131309343,0.8453477711812719,0.9002239439699862,0.8761061946902655,0.8477876106194691,0.9008849557522124,0.8782088166092199,0.8499862234526786,0.9027842442761587,0.8761061946902655,0.8477876106194691,0.9008849557522124
pubmedbert,0.871424253289853,0.8421221282914455,0.8975897731701733,0.8707964601769912,0.8407079646017699,0.8973451327433628,0.874034117402604,0.8448851527189323,0.8986811826449648,0.8707964601769912,0.8407079646017699,0.8973451327433628
biobert,0.906486212187604,0.8800689576185433,0.9291715423395434,0.9061946902654867,0.879646017699115,0.9274336283185841,0.9074743305886643,0.8808982778187103,0.928753369937492,0.9061946902654867,0.879646017699115,0.9274336283185841
biolinkbert,0.8454478656528339,0.8139393738852918,0.8735242339399164,0.8442477876106195,0.8123893805309734,0.8725663716814159,0.8578211904503653,0.827616931300681,0.8820844280049452,0.8442477876106195,0.8123893805309734,0.8725663716814159
biomedbert-abstract,0.871424253289853,0.8421221282914455,0.8975897731701733,0.8707964601769912,0.8407079646017699,0.8973451327433628,0.874034117402604,0.8448851527189323,0.8986811826449648,0.8707964601769912,0.8407079646017699,0.8973451327433628
clinicalbert,0.8931667534270346,0.8651228710534749,0.9164931208422802,0.8938053097345132,0.8654867256637168,0.9168141592920354,0.8940265603913511,0.8661454615789682,0.9169951442043344,0.8938053097345132,0.8654867256637168,0.9168141592920354
