Model,F1,F1 CI Lower,F1 CI Upper,Accuracy,Accuracy CI Lower,Accuracy CI Upper,Precision,Precision CI Lower,Precision CI Upper,Recall,Recall CI Lower,Recall CI Upper
scibert,0.8512033502968618,0.7914086243421734,0.9008174648847057,0.7395833333333334,0.6458333333333334,0.8229166666666666,0.8880407124681935,0.835570243399964,0.937518647120502,0.8320610687022901,0.7578125,0.8934426229508197
clinicalbert,0.8544692982200367,0.7842960018630911,0.905435322014619,0.75,0.65625,0.8333333333333334,0.8695974054350097,0.7897584863439164,0.9249541080730002,0.8473282442748091,0.7804669186208789,0.9008264462809917
biobert,0.8710670706294142,0.8025381838610182,0.9173788877613901,0.78125,0.6875,0.8541666666666666,0.8633749283119253,0.7899616844506218,0.9188153319977449,0.8931297709923665,0.8273381294964028,0.9398496240601504
pubmedbert,0.8662325078320163,0.7933119544907248,0.9125050678347227,0.78125,0.6875,0.8541666666666666,0.8660817174110146,0.7799847120317741,0.9145032584199423,0.8702290076335878,0.8043478260869565,0.9198786438068263
biolinkbert,0.8714958367665573,0.8027057744023048,0.9201890089297595,0.78125,0.6875,0.8541666666666666,0.885745803262797,0.8223567726055241,0.9439271278216989,0.8702290076335878,0.7913669064748201,0.9243697478991597
biomedbert-abstract,0.8662325078320163,0.7933119544907248,0.9125050678347227,0.78125,0.6875,0.8541666666666666,0.8660817174110146,0.7799847120317741,0.9145032584199423,0.8702290076335878,0.8043478260869565,0.9198786438068263
