Model,F1,F1 CI Lower,F1 CI Upper,Accuracy,Accuracy CI Lower,Accuracy CI Upper,Precision,Precision CI Lower,Precision CI Upper,Recall,Recall CI Lower,Recall CI Upper
scibert,0.7711854118104119,0.6759364206106863,0.8504716300485282,0.78125,0.6875,0.8541666666666666,0.7800595238095238,0.6656533027466461,0.8518005538234852,0.78125,0.6875,0.8541666666666666
clinicalbert,0.44912995904067327,0.3495674192955765,0.5549211201045139,0.4791666666666667,0.3854166666666667,0.5833333333333334,0.444945987654321,0.32447914259834215,0.5474044977633751,0.4791666666666667,0.3854166666666667,0.5833333333333334
biolinkbert,0.9188217149565833,0.8484687769929972,0.9606107807260297,0.9166666666666666,0.84375,0.9583333333333334,0.9425347222222222,0.86458108131056,0.9635416666666666,0.9166666666666666,0.84375,0.9583333333333334
biobert,0.9051516481203982,0.8308128899407391,0.9538425832263783,0.90625,0.8333333333333334,0.9583333333333334,0.9098591701173223,0.8216527278723774,0.9480730481497839,0.90625,0.8333333333333334,0.9583333333333334
pubmedbert,0.874828355253149,0.7960488162603245,0.9311535941328805,0.875,0.7916666666666666,0.9270833333333334,0.8781063988095238,0.7752514153333915,0.9231770833333334,0.875,0.7916666666666666,0.9270833333333334
biomedbert-abstract,0.8745187784709842,0.7942192432839107,0.9315866860169332,0.875,0.795926537645722,0.9270833333333334,0.8861979166666667,0.7866594870228811,0.9289565203273301,0.875,0.795926537645722,0.9270833333333334
