Model,F1,F1 CI Lower,F1 CI Upper,Accuracy,Accuracy CI Lower,Accuracy CI Upper,Precision,Precision CI Lower,Precision CI Upper,Recall,Recall CI Lower,Recall CI Upper
scibert,0.6560262664387789,0.5466700957824896,0.7563777417785336,0.6875,0.59375,0.7708333333333334,0.7027893133997786,0.5634830657559573,0.7845936453903906,0.6875,0.59375,0.7708333333333334
pubmedbert,0.7515680317265795,0.647058460754905,0.8373732501524545,0.7708333333333334,0.6770833333333334,0.84375,0.7691645778843359,0.6528664274931492,0.8415236967120835,0.7708333333333334,0.6770833333333334,0.84375
clinicalbert,0.6793395034195658,0.5744154800055791,0.7686147115507498,0.6875,0.5833333333333334,0.7708333333333334,0.681886574074074,0.5598767462188405,0.763117911557411,0.6875,0.5833333333333334,0.7708333333333334
biomedbert-abstract,0.7190616096866097,0.6130596740054153,0.809052932636278,0.7395833333333334,0.6458333333333334,0.8125,0.7379524410774411,0.6152518796713518,0.8161678532692767,0.7395833333333334,0.6458333333333334,0.8125
biobert,0.789434882261055,0.6981003407828243,0.863836383603059,0.7916666666666666,0.7083333333333334,0.8645833333333334,0.7934170386904761,0.6936685789396745,0.8603057516850193,0.7916666666666666,0.7083333333333334,0.8645833333333334
biolinkbert,0.729862718493096,0.6273319983368679,0.8160532857970231,0.7395833333333334,0.6458333333333334,0.8229166666666666,0.7544316520467836,0.6398177948570343,0.8228320892211488,0.7395833333333334,0.6458333333333334,0.8229166666666666
