Model,F1,F1 CI Lower,F1 CI Upper,Accuracy,Accuracy CI Lower,Accuracy CI Upper,Precision,Precision CI Lower,Precision CI Upper,Recall,Recall CI Lower,Recall CI Upper
scibert,0.8109743049851944,0.7528009588310369,0.8602560227677022,0.5773195876288659,0.4742268041237113,0.6701030927835051,0.8165834165834167,0.750692345699124,0.8644657445430609,0.8111888111888111,0.7370010401583408,0.8723404255319149
pubmedbert,0.811790564556484,0.7512683283386689,0.860717366255921,0.5876288659793815,0.4845360824742268,0.6804123711340206,0.8249250749250749,0.7695662673465152,0.8891176898439465,0.8251748251748252,0.7586206896551724,0.8794326241134752
biomedbert-abstract,0.811790564556484,0.7512683283386689,0.860717366255921,0.5876288659793815,0.4845360824742268,0.6804123711340206,0.8249250749250749,0.7695662673465152,0.8891176898439465,0.8251748251748252,0.7586206896551724,0.8794326241134752
biobert,0.8126119991642607,0.7543618195335756,0.860320930434186,0.5773195876288659,0.4742268041237113,0.6701030927835051,0.8324807909874148,0.76735753334788,0.8813450495067865,0.8041958041958042,0.7323943661971831,0.8642857142857143
clinicalbert,0.7208019643102879,0.645304476357002,0.785829597302968,0.5051546391752577,0.4020618556701031,0.6082474226804123,0.7437252111157154,0.6506864368022347,0.8086902168723187,0.7272727272727273,0.6433566433566433,0.7959183673469388
biolinkbert,0.7962252432042555,0.733612407394359,0.8477956331400823,0.5567010309278351,0.4536082474226804,0.6494845360824743,0.8182272273181365,0.75911868353735,0.8834443127784025,0.7972027972027972,0.7218387825731207,0.8571428571428571
