Model,F1,F1 CI Lower,F1 CI Upper,Accuracy,Accuracy CI Lower,Accuracy CI Upper,Precision,Precision CI Lower,Precision CI Upper,Recall,Recall CI Lower,Recall CI Upper
clinicalbert,0.778423597333738,0.7144897167426312,0.8339656614844301,0.5425531914893617,0.43617021276595747,0.6382978723404256,0.8129206172150957,0.7319469648449296,0.8614308644468045,0.7668711656441718,0.6867662441849112,0.8311378257012004
biolinkbert,0.7714803941797806,0.71527550503213,0.8247476376107543,0.5319148936170213,0.425531914893617,0.6276595744680851,0.7959830557990067,0.716819679273294,0.849307337221026,0.754601226993865,0.6820809248554913,0.8161699338491654
scibert,0.7966502856380157,0.7431110866427167,0.8453304729796387,0.5531914893617021,0.44680851063829785,0.648936170212766,0.8354084950886721,0.770445042677352,0.8773095907712876,0.7730061349693251,0.7034883720930233,0.8301438650314172
biomedbert-abstract,0.7954751309238215,0.7434600436944965,0.8431677624898367,0.5425531914893617,0.43617021276595747,0.6382978723404256,0.8663940013633266,0.7952466179830545,0.9233881315827536,0.754601226993865,0.6815642458100558,0.8116464401486196
biobert,0.7757580918381936,0.7160247147350822,0.8265303817485047,0.5531914893617021,0.44680851063829785,0.648936170212766,0.8484617631856897,0.7713648211166014,0.9065565471588324,0.7423312883435583,0.672316384180791,0.8
pubmedbert,0.7671086544985509,0.7147977181470326,0.816003433320393,0.5106382978723404,0.40425531914893614,0.6063829787234043,0.8108092316681274,0.743652701390502,0.8589218904346567,0.754601226993865,0.6854489447966414,0.8089171974522293
