Model,F1,F1 CI Lower,F1 CI Upper,Accuracy,Accuracy CI Lower,Accuracy CI Upper,Precision,Precision CI Lower,Precision CI Upper,Recall,Recall CI Lower,Recall CI Upper
clinicalbert,0.7933675283124271,0.6949074223488295,0.8700759627817463,0.8125,0.7291666666666666,0.8854166666666666,0.7790005139522931,0.6605584005944638,0.8602349808890631,0.8144329896907216,0.7310142090524531,0.8854166666666666
biomedbert-abstract,0.7692769382855529,0.6697077960450581,0.8478972259742888,0.78125,0.6875,0.8541666666666666,0.7563988624244579,0.639074532395846,0.840147178741596,0.7835051546391752,0.6938775510204082,0.8556701030927835
pubmedbert,0.7654639175257731,0.6657372005979905,0.8439283978857656,0.78125,0.6875,0.8541666666666666,0.7486669036615713,0.633864078513479,0.8327157582762519,0.7835051546391752,0.6907216494845361,0.8556701030927835
biolinkbert,0.7465981455744778,0.6500173869723562,0.8252850047906798,0.75,0.65625,0.8229166666666666,0.7428117354300411,0.639750761301955,0.8215867015330203,0.7525773195876289,0.6597938144329897,0.8282828282828283
biobert,0.7756375474769398,0.677617471064525,0.8528773631671132,0.78125,0.6875,0.8541666666666666,0.768173407348665,0.6541951606117196,0.8500491321767149,0.7835051546391752,0.6938775510204082,0.8556701030927835
scibert,0.7469273397108449,0.6452681333513092,0.8278307502595958,0.75,0.65625,0.8229166666666666,0.7423920626308038,0.6230682561182652,0.8297720347689886,0.7525773195876289,0.6597938144329897,0.8333333333333334
