Model,F1,F1 CI Lower,F1 CI Upper,Accuracy,Accuracy CI Lower,Accuracy CI Upper,Precision,Precision CI Lower,Precision CI Upper,Recall,Recall CI Lower,Recall CI Upper
biolinkbert,0.7269245711983423,0.6348567195918181,0.8075318198434196,0.6938775510204082,0.6020408163265306,0.7755102040816326,0.7302388915432394,0.623803118363087,0.8032020386008327,0.73,0.64,0.81
pubmedbert,0.7462985646235896,0.6539816951959435,0.8263767258943766,0.7448979591836735,0.6530612244897959,0.826530612244898,0.7729241810820758,0.6610306945436093,0.8414784214434216,0.75,0.6633663366336634,0.826530612244898
biobert,0.7374603174603175,0.6424370487499322,0.8164707832561615,0.7244897959183674,0.6326530612244898,0.8061224489795918,0.7443157894736843,0.628445440293794,0.8188791509117531,0.74,0.65,0.8181818181818182
clinicalbert,0.7103011262738138,0.6133194057080946,0.7963565800325091,0.6938775510204082,0.6020408163265306,0.7755102040816326,0.7403423076923077,0.6200020541843202,0.8250194536962924,0.7,0.6060606060606061,0.7821782178217822
biomedbert-abstract,0.7462985646235896,0.6539816951959435,0.8263767258943766,0.7448979591836735,0.6530612244897959,0.826530612244898,0.7729241810820758,0.6610306945436093,0.8414784214434216,0.75,0.6633663366336634,0.826530612244898
scibert,0.7227550228121862,0.6259345506965553,0.8059787163733789,0.7040816326530612,0.6122448979591837,0.7857142857142857,0.7359802141592424,0.6237608140416165,0.8109945656171568,0.72,0.63,0.8
