Model,F1,F1 CI Lower,F1 CI Upper,Accuracy,Accuracy CI Lower,Accuracy CI Upper,Precision,Precision CI Lower,Precision CI Upper,Recall,Recall CI Lower,Recall CI Upper
biolinkbert,0.8436322383348132,0.7664491739329302,0.9001034609348846,0.7938144329896907,0.7010309278350515,0.865979381443299,0.8363734484619536,0.7503943505657087,0.8918474089562319,0.8532110091743119,0.7727272727272727,0.9099099099099099
biomedbert-abstract,0.8581893179716946,0.7749515574677688,0.9157141794236064,0.8247422680412371,0.7422680412371134,0.8865979381443299,0.8540578687367677,0.7625744016974515,0.9105233693503466,0.8623853211009175,0.7787610619469026,0.9238095238095239
pubmedbert,0.853496889894424,0.7731137871984939,0.9117766414633598,0.8144329896907216,0.7319587628865979,0.8865979381443299,0.8540119411679045,0.7642896600485616,0.9101916364932171,0.8532110091743119,0.7685185185185185,0.9158878504672897
scibert,0.85597883406776,0.775665190046558,0.9133111479895112,0.8144329896907216,0.7319587628865979,0.8865979381443299,0.8612568674953996,0.7691190621409583,0.9192891125124522,0.8532110091743119,0.7765027380621637,0.9142857142857143
biobert,0.8287414478015039,0.7434027998617267,0.8896998972389261,0.7835051546391752,0.6907216494845361,0.8556701030927835,0.8260644554222536,0.7331771119543523,0.8848753497501842,0.8348623853211009,0.7477477477477478,0.8990825688073395
clinicalbert,0.8439094678592506,0.7579129143071373,0.9050708771147906,0.8247422680412371,0.7319587628865979,0.8865979381443299,0.8517738211794854,0.7568539434390884,0.9124840799000125,0.8440366972477065,0.7610619469026548,0.9026548672566371
