Model,F1,F1 CI Lower,F1 CI Upper,Accuracy,Accuracy CI Lower,Accuracy CI Upper,Precision,Precision CI Lower,Precision CI Upper,Recall,Recall CI Lower,Recall CI Upper
biomedbert-abstract,0.7348226029371681,0.6363317282311126,0.8104509312162722,0.6979166666666666,0.6041666666666666,0.78125,0.7120237496958095,0.6085663068609319,0.786335643669799,0.7623762376237624,0.660377358490566,0.8415841584158416
clinicalbert,0.6502132387405893,0.5559436265676856,0.7369836271944853,0.5833333333333334,0.4791666666666667,0.6770833333333334,0.6978783592644979,0.5892393699174968,0.7789035117506165,0.6138613861386139,0.5204081632653061,0.7029702970297029
biobert,0.7150720340737973,0.6199648093707947,0.7974518922775178,0.6875,0.59375,0.7708333333333334,0.7478593254062248,0.6445119036420379,0.8226092657948653,0.693069306930693,0.6,0.7777777777777778
biolinkbert,0.7033908229532629,0.6062706025910731,0.7836700682378271,0.6354166666666666,0.53125,0.71875,0.7752828854314003,0.6697733976651253,0.8458772409731485,0.6633663366336634,0.5673076923076923,0.7474747474747475
scibert,0.6610873967539866,0.5528214588406194,0.7475889667510168,0.625,0.5208333333333334,0.7115585818061543,0.745514444109885,0.6386711568335153,0.8085248788330506,0.6435643564356436,0.5392156862745098,0.7319587628865979
pubmedbert,0.7348226029371681,0.6363317282311126,0.8104509312162722,0.6979166666666666,0.6041666666666666,0.78125,0.7120237496958095,0.6085663068609319,0.786335643669799,0.7623762376237624,0.660377358490566,0.8415841584158416
