Model,F1,F1 CI Lower,F1 CI Upper,Accuracy,Accuracy CI Lower,Accuracy CI Upper,Precision,Precision CI Lower,Precision CI Upper,Recall,Recall CI Lower,Recall CI Upper
clinicalbert,0.7237373737373738,0.6062588112145837,0.8217894222709878,0.8020833333333334,0.71875,0.875,0.6600274725274725,0.5251551418439716,0.7749799357945427,0.8020833333333334,0.71875,0.875
biomedbert-abstract,0.9244663742690058,0.8433311809588171,0.9675892612955768,0.9270833333333334,0.8645833333333334,0.96875,0.9403326023391814,0.8793442298836808,0.9699367088607596,0.9270833333333334,0.8645833333333334,0.96875
biobert,0.9422787477423239,0.8719977595463082,0.9791666666666666,0.9479166666666666,0.8854166666666666,0.9791666666666666,0.9391233766233765,0.854630025553371,0.9791666666666666,0.9479166666666666,0.8854166666666666,0.9791666666666666
scibert,0.8444368131868133,0.7466566155133637,0.914496089513052,0.8645833333333334,0.78125,0.9270833333333334,0.8459518970189701,0.7260639607521875,0.9122146304112776,0.8645833333333334,0.78125,0.9270833333333334
biolinkbert,0.9415722782858543,0.8675191548881379,0.9792245677188514,0.9479166666666666,0.8854166666666666,0.9791666666666666,0.94120670995671,0.865262404989649,0.9796940928270041,0.9479166666666666,0.8854166666666666,0.9791666666666666
pubmedbert,0.9244663742690058,0.8433311809588171,0.9675892612955768,0.9270833333333334,0.8645833333333334,0.96875,0.9403326023391814,0.8793442298836808,0.9699367088607596,0.9270833333333334,0.8645833333333334,0.96875
