Model,F1,F1 CI Lower,F1 CI Upper,Accuracy,Accuracy CI Lower,Accuracy CI Upper,Precision,Precision CI Lower,Precision CI Upper,Recall,Recall CI Lower,Recall CI Upper
clinicalbert,0.8707412862052037,0.7905528292710534,0.9268839166356126,0.865979381443299,0.7835051546391752,0.9175257731958762,0.8789345720766607,0.7900749563969184,0.9316097340295442,0.865979381443299,0.7835051546391752,0.9175257731958762
biolinkbert,0.8693531518244868,0.7891469947181147,0.924300338937792,0.865979381443299,0.7835051546391752,0.9278350515463918,0.881192726231386,0.790450201832195,0.9297108074778667,0.865979381443299,0.7835051546391752,0.9278350515463918
pubmedbert,0.8462977122718204,0.7605766056767713,0.9074115224624925,0.845360824742268,0.7628865979381443,0.9072164948453608,0.8565063870576499,0.7617663021378481,0.9109559784640675,0.845360824742268,0.7628865979381443,0.9072164948453608
biobert,0.8661394634052635,0.7800842491973463,0.9230805620018788,0.865979381443299,0.7835051546391752,0.9278350515463918,0.8703061543267727,0.7766186147596167,0.9238499567552569,0.865979381443299,0.7835051546391752,0.9278350515463918
scibert,0.8573501336387934,0.7672673852025083,0.9182469809363588,0.865979381443299,0.7835051546391752,0.9278350515463918,0.8492027918294167,0.7409455044332701,0.9134651660327336,0.865979381443299,0.7835051546391752,0.9278350515463918
biomedbert-abstract,0.8565098893852043,0.7710541920958119,0.9165997569430997,0.8556701030927835,0.7731958762886598,0.9175257731958762,0.8634020618556701,0.7652614734685546,0.9183504638773644,0.8556701030927835,0.7731958762886598,0.9175257731958762
