Model,F1,F1 CI Lower,F1 CI Upper,Accuracy,Accuracy CI Lower,Accuracy CI Upper,Precision,Precision CI Lower,Precision CI Upper,Recall,Recall CI Lower,Recall CI Upper
clinicalbert,0.7814625850340136,0.6837891274381455,0.8584935718364408,0.7959183673469388,0.7040816326530612,0.8673469387755102,0.7692307692307693,0.6506440867090924,0.8549882631164072,0.7959183673469388,0.7040816326530612,0.8673469387755102
pubmedbert,0.7823129251700681,0.6842457048273509,0.8610405706456392,0.7755102040816326,0.6836734693877551,0.8469387755102041,0.789795918367347,0.6677164566617394,0.8775478539700474,0.7755102040816326,0.6836734693877551,0.8469387755102041
biomedbert-abstract,0.7823129251700681,0.6842457048273509,0.8610405706456392,0.7755102040816326,0.6836734693877551,0.8469387755102041,0.789795918367347,0.6677164566617394,0.8775478539700474,0.7755102040816326,0.6836734693877551,0.8469387755102041
scibert,0.7818964320422046,0.6830552857608189,0.863420765935006,0.8163265306122449,0.7346938775510204,0.8877551020408163,0.7529042386185244,0.6373092220914162,0.8428287981859411,0.8163265306122449,0.7346938775510204,0.8877551020408163
biobert,0.7702154753527026,0.6713576893974724,0.8530024112969593,0.7959183673469388,0.7142857142857143,0.8673469387755102,0.748093447905478,0.6323005716199609,0.8408212602143447,0.7959183673469388,0.7142857142857143,0.8673469387755102
biolinkbert,0.8102713612917694,0.7135937879971329,0.886263657456856,0.826530612244898,0.7448979591836735,0.8979591836734694,0.7963320463320464,0.6805562974448005,0.8831966530743257,0.826530612244898,0.7448979591836735,0.8979591836734694
