Model,F1,F1 CI Lower,F1 CI Upper,Accuracy,Accuracy CI Lower,Accuracy CI Upper,Precision,Precision CI Lower,Precision CI Upper,Recall,Recall CI Lower,Recall CI Upper
pubmedbert,0.8467234277094454,0.7539292343852306,0.9123062015503876,0.8645833333333334,0.78125,0.9270833333333334,0.8296930017605634,0.7159365598644696,0.9022346072954868,0.8645833333333334,0.78125,0.9270833333333334
biobert,0.8918560606060607,0.8121390606633523,0.9452365441742807,0.8958333333333334,0.8229166666666666,0.9479166666666666,0.8934753316749586,0.790438299121028,0.943418636561747,0.8958333333333334,0.8229166666666666,0.9479166666666666
biolinkbert,0.8881262441937624,0.7992678482142411,0.9432527768135699,0.90625,0.8333333333333334,0.9479166666666666,0.8722826086956522,0.7602258271655224,0.9373119481605994,0.90625,0.8333333333333334,0.9479166666666666
clinicalbert,0.8556773002650511,0.7644753809309143,0.9202285902336909,0.875,0.8020833333333334,0.9270833333333334,0.837455985915493,0.7267080764580768,0.9086459853529587,0.875,0.8020833333333334,0.9270833333333334
scibert,0.855952380952381,0.7650378050503392,0.9200682344546548,0.875,0.8020833333333334,0.9270833333333334,0.8379629629629629,0.7261847341502995,0.9087425854516528,0.875,0.8020833333333334,0.9270833333333334
biomedbert-abstract,0.8467234277094454,0.7539292343852306,0.9123062015503876,0.8645833333333334,0.78125,0.9270833333333334,0.8296930017605634,0.7159365598644696,0.9022346072954868,0.8645833333333334,0.78125,0.9270833333333334
