Model,F1,F1 CI Lower,F1 CI Upper,Accuracy,Accuracy CI Lower,Accuracy CI Upper,Precision,Precision CI Lower,Precision CI Upper,Recall,Recall CI Lower,Recall CI Upper
biobert,0.8540841584158416,0.7701225137492957,0.9183519596257795,0.8469387755102041,0.7653061224489796,0.9081632653061225,0.8480578827113481,0.7431457816141256,0.9185553950222215,0.8613861386138614,0.7843137254901961,0.92
biolinkbert,0.8416929605048418,0.7533827571396382,0.9052170227242957,0.8163265306122449,0.7346938775510204,0.8877551020408163,0.8308704004728831,0.7264911243719658,0.8947129590820364,0.8613861386138614,0.7821782178217822,0.9207920792079208
biomedbert-abstract,0.831650577829343,0.7451606947784558,0.8981571257652071,0.8367346938775511,0.7551020408163265,0.8979591836734694,0.8255754537202353,0.7265660612899963,0.8951158227410582,0.8415841584158416,0.7623762376237624,0.9019607843137255
scibert,0.8236039603960396,0.7382666564176217,0.8927077657205313,0.826530612244898,0.7448979591836735,0.8979591836734694,0.8105352009855362,0.7098288774831664,0.8827092091431377,0.8415841584158416,0.7647058823529411,0.9019607843137255
clinicalbert,0.8162360312740213,0.7307445408294327,0.8851586568145561,0.826530612244898,0.7448979591836735,0.8979591836734694,0.8117837480850326,0.7151011012086842,0.8803968902709108,0.8316831683168316,0.7524752475247525,0.898989898989899
pubmedbert,0.8702442331132388,0.7863834338920515,0.9284659100170096,0.8673469387755102,0.7857142857142857,0.9285714285714286,0.8633458974312731,0.7625107818806044,0.9245743880861405,0.8811881188118812,0.8076923076923077,0.9326923076923077
