Model,F1,F1 CI Lower,F1 CI Upper,Accuracy,Accuracy CI Lower,Accuracy CI Upper,Precision,Precision CI Lower,Precision CI Upper,Recall,Recall CI Lower,Recall CI Upper
biobert,0.9002888655462185,0.8336596720749883,0.945156505767293,0.84375,0.7604166666666666,0.90625,0.9247311827956989,0.8492710864290108,0.9680236909133503,0.8823529411764706,0.8053020946189301,0.9329447670642469
biomedbert-abstract,0.929756369391258,0.8683545508135674,0.965182105975902,0.8645833333333334,0.78125,0.9270833333333334,0.9466124271005832,0.886104581241186,0.9770821491382768,0.9176470588235294,0.842391304347826,0.9620253164556962
scibert,0.9046602451660275,0.8420879856673423,0.9459471022539955,0.8333333333333334,0.75,0.8958333333333334,0.9190750741984138,0.8427087771602858,0.9620726760903042,0.8941176470588236,0.8216216216216217,0.9401197604790419
biolinkbert,0.9278959276018102,0.8677521367261538,0.9640719417921859,0.8854166666666666,0.8125,0.9375,0.9365314124656814,0.867798133649145,0.975855760538145,0.9235294117647059,0.856353591160221,0.9629629629629629
clinicalbert,0.8816994853290222,0.817701341379748,0.9261469526918885,0.7708333333333334,0.6770833333333334,0.84375,0.9107205882352941,0.8668670354395478,0.9657771032319864,0.8823529411764706,0.8081247921058747,0.9314285714285714
pubmedbert,0.929756369391258,0.8683545508135674,0.965182105975902,0.8645833333333334,0.78125,0.9270833333333334,0.9466124271005832,0.886104581241186,0.9770821491382768,0.9176470588235294,0.842391304347826,0.9620253164556962
